
<marlin xmlns:xsi="http://www.w3.org/2001/XMLSchema-instance" xsi:noNamespaceSchemaLocation="http://ilcsoft.desy.de/marlin/marlin.xsd">

   <execute>
      <processor name="AIDA"/>
      <processor name="NoisyPixelMaskerM26"/>
      <processor name="NoisyPixelMaskerAPIX"/>
      <xprocessor name="SaveAsRoot"/>
      <processor name="Save"/>
      <processor name="EUTelUtilityPrintEventNumber"/>
   </execute>

   <global>
      <parameter name="LCIOInputFiles"> /afs/cern.ch/work/x/xai/public/cepc_testbeam/converter/run125127.slcio </parameter>
      <parameter name="GearXMLFile" value="./geometry/gear_J1_A_No5_pre_pre.xml "/>
      <parameter name="MaxRecordNumber" value="100"/>
      <parameter name="SkipNEvents" value="0"/>
      <parameter name="SupressCheck" value="false"/>
      <parameter name="Verbosity" value="DEBUG2"/>
   </global>

 <processor name="AIDA" type="AIDAProcessor">
 <!--Processor that handles AIDA files. Creates on directory per processor.  Processors only need to create and fill the histograms, clouds and tuples. Needs to be the first ActiveProcessor-->
  <!-- compression of output file 0: false >0: true (default) -->
  <parameter name="Compress" type="int" value="1"/>
  <!-- filename without extension-->
  <parameter name="FileName" type="string" value="./output/histograms/run125127-converter-histo"/>
  <!-- type of output file root (default) or xml )-->
  <parameter name="FileType" type="string" value="root"/>
  <!--verbosity level of this processor ("DEBUG0-4,MESSAGE0-4,WARNING0-4,ERROR0-4,SILENT")-->
  <!--parameter name="Verbosity" type="string" value=""/-->
</processor>

 <processor name="NoisyPixelMaskerM26" type="EUTelProcessorNoisyPixelFinder">
 <!--EUTelProcessorNoisyPixelFinder computes the firing frequency of pixels and applies a cut on this value to mask (NOT remove) hot pixels.-->
  <!--Input of Zero Suppressed data-->
  <!--parameter name="ZSDataCollectionName" type="string" lcioInType="TrackerData"> zsdata_m26 </parameter-->
  <parameter name="ZSDataCollectionName" type="string" lcioInType="TrackerData"> zsdata </parameter>
  <!--The list of sensor IDs that shall be excluded.-->
  <!--parameter name="ExcludedPlanes" type="IntVec"> </parameter-->
  <!--This is the name of the hot pixel collection to be saved into the output slcio file-->
  <parameter name="HotPixelCollectionName" type="string" value="hotpixel_m26"/>
  <!--This is the name of the LCIO file name with the output hotpixel db (add .slcio)-->
  <parameter name="HotPixelDBFile" type="string" value="./output/database/run125127-hotpixel-m26-db.slcio"/>
  <!--Write mode for HotPixelDB file:  WRITE_APPEND or WRITE_NEW-->
  <!--parameter name="LCIOWriteMode" type="string" value="WRITE_NEW"/-->
  <!--This float number [0,1] represents the maximum allowed firing frequency
within the selected number of event per cycle-->
  <parameter name="MaxAllowedFiringFreq" type="float" value="0.01"/>
  <!--The number of events to be considered for each update cycle-->
  <parameter name="NoOfEvents" type="int" value="100000"/>
  <!--The sensorID for the generated collection (one per detector)-->
  <parameter name="SensorIDVec" type="IntVec" value="0 1 2 3 4 5"/>
  <!--verbosity level of this processor ("DEBUG0-4,MESSAGE0-4,WARNING0-4,ERROR0-4,SILENT")-->
  <!--parameter name="Verbosity" type="string" value=""/-->
</processor>

 <processor name="NoisyPixelMaskerAPIX" type="EUTelProcessorNoisyPixelFinder">
 <!--EUTelProcessorNoisyPixelFinder computes the firing frequency of pixels and applies a cut on this value to mask (NOT remove) hot pixels.-->
  <!--Input of Zero Suppressed data-->
  <parameter name="ZSDataCollectionName" type="string" lcioInType="TrackerData"> zsdata_jade </parameter>
  <!--The list of sensor IDs that shall be excluded.-->
  <!--parameter name="ExcludedPlanes" type="IntVec"> </parameter-->
  <!--This is the name of the hot pixel collection to be saved into the output slcio file-->
  <parameter name="HotPixelCollectionName" type="string" value="hotpixel_jade"/>
  <!--This is the name of the LCIO file name with the output hotpixel db (add .slcio)-->
  <parameter name="HotPixelDBFile" type="string" value="./output/database/run125127-hotpixel-jade-db.slcio"/>
  <!--Write mode for HotPixelDB file:  WRITE_APPEND or WRITE_NEW-->
  <!--parameter name="LCIOWriteMode" type="string" value="WRITE_NEW"/-->
  <!--This float number [0,1] represents the maximum allowed firing frequency
within the selected number of event per cycle-->
  <parameter name="MaxAllowedFiringFreq" type="float" value="0.3"/>
  <!--The number of events to be considered for each update cycle-->
  <parameter name="NoOfEvents" type="int" value="100000"/>
  <!--The sensorID for the generated collection (one per detector)-->
  <parameter name="SensorIDVec" type="IntVec" value="51 52"/>
  <!--verbosity level of this processor ("DEBUG0-4,MESSAGE0-4,WARNING0-4,ERROR0-4,SILENT")-->
  <!--parameter name="Verbosity" type="string" value=""/-->
</processor>

 <processor name="Save" type="EUTelOutputProcessor">
 <!--Writes the current event to the specified LCIO outputfile. Eventually it adds a EORE at the of the file if it was missing Needs to be the last ActiveProcessor.-->
  <!--drops the named collections from the event-->
  <!--parameter name="DropCollectionNames" type="StringVec"> TPCHits HCalHits </parameter-->
  <!--drops all collections of the given type from the event-->
  <!--parameter name="DropCollectionTypes" type="StringVec"> SimTrackerHit SimCalorimeterHit </parameter-->
  <!-- write complete objects in subset collections to the file (i.e. ignore subset flag)-->
  <!--parameter name="FullSubsetCollections" type="StringVec" value="MCParticlesSkimmed"/-->
  <!--force keep of the named collections - overrules DropCollectionTypes (and DropCollectionNames)-->
  <!--parameter name="KeepCollectionNames" type="StringVec" value="MyPreciousSimTrackerHits"/-->
  <!-- name of output file -->
  <parameter name="LCIOOutputFile" type="string" value="./output/lcio/run125127-converter.slcio"/>
  <!--write mode for output file:  WRITE_APPEND or WRITE_NEW-->
  <parameter name="LCIOWriteMode" type="string" value="WRITE_NEW"/>
  <!--Set it to true to remove intermediate EORE in merged runs-->
  <parameter name="SkipIntermediateEORE" type="bool" value="true"/>
  <!--will split output file if size in kB exceeds given value - doesn't work with APPEND and NEW-->
  <!--parameter name="SplitFileSizekB" type="int" value="1992294"/-->
  <!--verbosity level of this processor ("DEBUG0-4,MESSAGE0-4,WARNING0-4,ERROR0-4,SILENT")-->
  <!--parameter name="Verbosity" type="string" value=""/-->
</processor>

 <processor name="EUTelUtilityPrintEventNumber" type="EUTelUtilityPrintEventNumber">
 <!--EUTelUtilityPrintEventNumber prints event number to screen depending on the verbosity level-->
  <!--Print event number for every n-th event-->
  <parameter name="EveryNEvents" type="int" value="1000"/>
  <!--verbosity level of this processor ("DEBUG0-4,MESSAGE0-4,WARNING0-4,ERROR0-4,SILENT")-->
  <!--parameter name="Verbosity" type="string" value=""/-->
  <!--print the event timestamp as read from LCIO-->
  <!--parameter name="printTimestamp" type="bool" value="false"/-->
</processor>
  <processor name="SaveAsRoot" type="EUTelOutputTTree">
    <!--EUTelProcessorNoisyClusterMasker masks pulses which contain hot pixels. For this, the quality field of pulses is used to encode the kNoisyCluster enum provided by EUTelescope.-->
    <!--Input of zero suppressed data, still containing hot pixels-->

    <parameter name="OutputPath" type="string" value="converter.root"/>
    <!--verbosity level of this processor ("DEBUG0-4,MESSAGE0-4,WARNING0-4,ERROR0-4,SILENT")-->
    <!--parameter name="Verbosity" type="string" value=""/-->
  </processor>

</marlin>
